iter	RMSE
0	30.96277688
799	17.55760265
