iter	RMSE
0	30.61224963
799	14.90195128
